{"meta":{"version":100,"isLayout":true,"template":"aigenerated","metaTitle":"Testro","ogImageAlt":"","faviconPath":"testro-YKbPBobM85fDbr9v.png","ogImagePath":"testro-YKbPBobM85fDbr9v.png","headerHeight":125,"defaultLocale":"uk","ecommerceType":null,"faviconOrigin":"assets","ogImageOrigin":"assets","metaHtmlLanguage":"uk","isCookieBarEnabled":true,"demoEcommerceStoreId":"demo_01G0E9P2R0CFTNBWEEFCEV8EG5","shouldAddWWWPrefixToDomain":false},"fonts":[{"type":"google","family":"Nunito","weights":[400,700,"400"]},{"type":"google","family":"Roboto","weights":["400"]},{"type":"google","family":"Inter","weights":["700"]}],"forms":{"Contact form":{"token":"YX426GvBaQszw2nwGkb3mPWMpgaY0nEq"},"Subscribe form":{"token":"YBgEPLkxzZURLo4a4O21YBVE54jYkj7Q"}},"siteId":"A85DJkBprWU97j16","styles":{"h1":{"font-size":"60px","font-style":"normal","font-family":"var(--font-primary)","font-weight":700,"line-height":"1.2","m-font-size":"38px","letter-spacing":"0em","text-transform":"none","text-decoration":"none"},"h2":{"font-size":"48px","font-style":"normal","font-family":"var(--font-primary)","font-weight":700,"line-height":"1.2","m-font-size":"34px","letter-spacing":"0em","text-transform":"none","text-decoration":"none"},"h3":{"font-size":"36px","font-style":"normal","font-family":"var(--font-primary)","font-weight":700,"line-height":"1.2","m-font-size":"32px","letter-spacing":"0em","text-transform":"none","text-decoration":"none"},"h4":{"font-size":"32px","font-style":"normal","font-family":"var(--font-primary)","font-weight":700,"line-height":"1.2","m-font-size":"24px","letter-spacing":0,"text-transform":"none","text-decoration":"none"},"h5":{"font-size":"32px","font-style":"normal","font-family":"var(--font-primary)","font-weight":700,"line-height":"1.2","m-font-size":"24px","letter-spacing":0,"text-transform":"none","text-decoration":"none"},"h6":{"font-size":"14px","font-style":"normal","font-family":"var(--font-primary)","font-weight":700,"line-height":"1.2","m-font-size":"14px","letter-spacing":0,"text-transform":"uppercase","text-decoration":"none"},"body":{"font-size":"18px","font-style":"normal","font-family":"var(--font-secondary)","font-weight":400,"line-height":"1.5em","m-font-size":"16px","letter-spacing":0,"text-transform":"none","text-decoration":"none"},"font":{"primary":"'Nunito', sans-serif","secondary":"'Nunito', sans-serif"},"nav-link":{"color":"rgb(37, 43, 51)","font-size":"18px","font-style":"normal","color-hover":"rgb(37, 43, 51)","font-family":"var(--font-secondary)","font-weight":400,"line-height":"1.5em","m-font-size":"16px","letter-spacing":0,"text-transform":"none","text-decoration":"none"},"body-large":{"font-size":"20px","font-style":"normal","font-family":"var(--font-secondary)","font-weight":400,"line-height":"1.5em","m-font-size":"18px","letter-spacing":0,"text-transform":"none","text-decoration":"none"},"body-small":{"font-size":"14px","font-style":"normal","font-family":"var(--font-secondary)","font-weight":400,"line-height":"1.5em","m-font-size":"14px","letter-spacing":0,"text-transform":"none","text-decoration":"none"},"grid-button-primary":{"font-size":"16px","padding-x":"40px","padding-y":"16px","font-style":"normal","border-null":"","font-family":"var(--font-secondary)","font-weight":400,"line-height":"normal","m-font-size":"16px","m-padding-x":"36px","m-padding-y":"14px","box-shadow-x":"0px","box-shadow-y":"0px","border-radius":"8px","letter-spacing":"normal","text-transform":"none","box-shadow-blur":"0px","box-shadow-null":"","m-border-radius":"8px","text-decoration":"none","box-shadow-color":"rgba(0, 0, 0, 0)","border-null-hover":"","box-shadow-spread":"0px","box-shadow-x-hover":"0px","box-shadow-y-hover":"0px","transition-duration":"0.2s","background-color-null":"","box-shadow-blur-hover":"0px","box-shadow-null-hover":"","box-shadow-color-hover":"0px","box-shadow-spread-hover":"0px","transition-timing-function":"ease","background-color-null-hover":""},"grid-button-secondary":{"font-size":"16px","padding-x":"40px","padding-y":"16px","font-style":"normal","border-null":"","font-family":"var(--font-secondary)","font-weight":400,"line-height":"normal","m-font-size":"16px","m-padding-x":"36px","m-padding-y":"14px","box-shadow-x":"0px","box-shadow-y":"0px","border-radius":"8px","letter-spacing":"normal","text-transform":"none","box-shadow-blur":"0px","box-shadow-null":"","m-border-radius":"8px","text-decoration":"none","box-shadow-color":"rgba(0, 0, 0, 0)","border-null-hover":"","box-shadow-spread":"0px","box-shadow-x-hover":"0px","box-shadow-y-hover":"0px","transition-duration":"0.2s","background-color-null":"","box-shadow-blur-hover":"0px","box-shadow-null-hover":"","box-shadow-color-hover":"0px","box-shadow-spread-hover":"0px","transition-timing-function":"ease","background-color-null-hover":""}},"languages":{"en":{"alt":"en flag","nav":[{"isHidden":false,"linkType":"Page","subItems":[],"navItemId":"home","linkedPageId":"home"},{"isHidden":false,"linkType":"Page","subItems":[],"navItemId":"zxLuXH","linkedPageId":"zH7OYN"},{"isHidden":true,"linkType":"Page","subItems":[],"navItemId":"zJFPDz","linkedPageId":"zQYwK-"}],"src":"https://cdnjs.cloudflare.com/ajax/libs/flag-icon-css/4.1.5/flags/4x3/us.svg","name":"English (US)","pages":{"home":{"meta":{"title":"Automated Testing with Mobile Application for Teachers","noindex":false,"keywords":["automated testing","mobile application","teachers"],"password":"","ogImageAlt":"","description":"Our website supports automated testing for students through a mobile application. Teachers can create and fill tests, questions, and set test properties such as time. Try our platform now!","ogImagePath":null,"ogImageOrigin":null,"passwordDesign":"default","passwordBackText":"Вернуться к","passwordButtonText":"Войти","passwordHeadingText":"Гостевая зона доступа","passwordSubheadingText":"Пожалуйста, введите пароль для доступа к странице","passwordPlaceholderText":"Введите пароль"},"name":"Home","slug":"zUzUDL","type":"default","blocks":["hero","section1","section2","section3","contact"]},"zH7OYN":{"meta":{"noindex":false,"password":"","ogImageAlt":"","ogImagePath":null,"ogImageOrigin":null,"passwordDesign":"default","passwordBackText":"Вернуться к","passwordButtonText":"Войти","passwordHeadingText":"Гостевая зона доступа","passwordSubheadingText":"Пожалуйста, введите пароль для доступа к странице","passwordPlaceholderText":"Введите пароль"},"name":"Cabinet","slug":"cabinet","type":"default","blocks":["zPpQNI"]},"zQYwK-":{"meta":{"noindex":false,"password":"","ogImageAlt":"","ogImagePath":null,"ogImageOrigin":null,"passwordDesign":"default","passwordBackText":"Вернуться к","passwordButtonText":"Войти","passwordHeadingText":"Гостевая зона доступа","passwordSubheadingText":"Пожалуйста, введите пароль для доступа к странице","passwordPlaceholderText":"Введите пароль"},"name":"Log In","slug":"log-in","type":"default","blocks":["zoPd2b"]}},"blocks":{"hero":{"type":"BlockLayout","mobile":{"minHeight":872},"desktop":{"minHeight":746},"settings":{"styles":{"block-padding":"16px 0 16px 0","m-block-padding":"16px"}},"zindexes":["zF6M6W","hero-title","hero-subtitle","hero-image-1","zZ2Pjh"],"background":{"path":null,"color":"#FFFFFF","image":null,"origin":null,"current":"color"},"components":["hero-title","hero-subtitle","hero-image-1","zF6M6W","zZ2Pjh"]},"header":{"type":"BlockNavigation","mobile":{"logoHeight":17},"desktop":{"logoHeight":26.415384615384617},"settings":{"styles":{"width":"1240px","padding":"32px 16px 32px 16px","m-padding":"24px 16px 24px 16px","logo-width":"101px","cartIconSize":"24px","m-logo-width":"65.046875px","oldContentWidth":"1600px","menu-item-spacing":"40px","space-between-menu":"64px","m-menu-item-spacing":"20px","contrastBackgroundColor":"rgb(220, 220, 220)"},"cartText":"","isSticky":false,"showLogo":true,"isCartVisible":true,"logoImagePath":"ai-logo-AR0eEnxX7xFwnyj0.svg","logoPlacement":"left","logoImageOrigin":"assets","m-logoPlacement":"left","navigationPlacement":"right","m-navigationPlacement":"right","isLanguageSwitcherHidden":false},"background":{"color":"#FFFFFF","current":"color","isTransparent":false},"components":[],"fontFamily":null,"fontWeight":null,"logoAspectRatio":3.823529411764706,"navLinkTextColor":"rgb(26, 26, 26)","navLinkTextColorHover":"rgb(26, 26, 26)"},"z1ORrW":{"slot":"footer","type":"BlockLayout","mobile":{"minHeight":140},"desktop":{"minHeight":173},"settings":{"styles":{"cols":"12","rows":6,"width":"1224px","m-rows":"1","col-gap":"24px","row-gap":"16px","row-size":"48px","column-gap":"24px","block-padding":"16px 0 16px 0","m-block-padding":"40px 16px 40px 16px"}},"zindexes":["zFVG1y","footer-brand-name"],"background":{"path":null,"color":"#E9ECF3","image":null,"origin":null,"current":"color"},"components":["zFVG1y","footer-brand-name"],"initialBlockId":"0NHSEQ084"},"zPpQNI":{"type":"BlockLayout","mobile":{"minHeight":224},"desktop":{"minHeight":500},"settings":{"styles":{"block-padding":"16px 0 16px 0","m-block-padding":"16px"}},"zindexes":["zOQGY4"],"background":{"path":null,"color":"rgb(210, 214, 222)","image":null,"origin":null,"current":"color"},"components":["zOQGY4"],"initialBlockId":"zoPd2b"},"zoPd2b":{"type":"BlockLayout","mobile":{"minHeight":224},"desktop":{"minHeight":500},"settings":{"styles":{"block-padding":"16px 0 16px 0","m-block-padding":"16px"}},"zindexes":["z1fmBD"],"background":{"color":"rgb(255, 255, 255)","current":"color"},"components":["z1fmBD"]},"contact":{"type":"BlockLayout","mobile":{"minHeight":667},"desktop":{"minHeight":788},"settings":{"styles":{"block-padding":"16px 0 16px 0","m-block-padding":"16px"}},"zindexes":["contact-title","zzH1JW"],"background":{"path":null,"color":"rgb(184, 192, 204)","image":null,"origin":null,"current":"color"},"components":["contact-title","zzH1JW"]},"section1":{"type":"BlockLayout","mobile":{"minHeight":833},"desktop":{"minHeight":660},"settings":{"styles":{"block-padding":"16px 0 16px 0","m-block-padding":"16px"}},"zindexes":["section1-image-1","zcopHD","section1-title","section1-description"],"background":{"path":null,"color":"#E9ECF3","image":null,"origin":null,"current":"color"},"components":["zcopHD","section1-title","section1-description","section1-image-1"]},"section2":{"type":"BlockLayout","mobile":{"minHeight":824},"desktop":{"minHeight":660},"settings":{"styles":{"block-padding":"16px 0 16px 0","m-block-padding":"16px"}},"zindexes":["section2-image-1","zjW_qv","section2-title","section2-description"],"background":{"path":null,"color":"#FFFFFF","image":null,"origin":null,"current":"color"},"components":["zjW_qv","section2-title","section2-description","section2-image-1"],"initialBlockId":"section1"},"section3":{"type":"BlockLayout","mobile":{"minHeight":819},"desktop":{"minHeight":660},"settings":{"styles":{"block-padding":"16px 0 16px 0","m-block-padding":"16px"}},"zindexes":["section3-image-1","z-9b5u","section3-title","section3-description"],"background":{"path":null,"color":"#E9ECF3","image":null,"origin":null,"current":"color"},"components":["z-9b5u","section3-title","section3-description","section3-image-1"],"initialBlockId":"section1"}},"locale":"en","country":"us","elements":{"z-9b5u":{"type":"GridTextBox","mobile":{"top":80,"left":0,"width":382,"height":17},"content":"<h6 style=\"color: var(--color-brand)\">And let's not forget</h6>","desktop":{"top":200,"left":721,"width":297,"height":17},"settings":{"styles":{"text":"left","align":"flex-start","justify":"flex-start","m-element-margin":"0 0 16px 0"}},"animation":{"name":"scale","type":"global"},"initialElementId":"zcopHD"},"z1fmBD":{"type":"GridEmbed","mobile":{"top":24,"left":0,"width":382,"height":176},"content":"<code>Here you will find a login/signup form</code>","desktop":{"top":240,"left":412,"width":400,"height":22},"settings":{"styles":{"height":17.59375}}},"zF6M6W":{"svg":"<svg width=\"90\" height=\"90\" viewBox=\"0 0 90 90\" xmlns=\"http://www.w3.org/2000/svg\" preserveAspectRatio=\"none\">\n\t<circle cx=\"45\" cy=\"45\" r=\"45\" stroke=\"none\" preserveAspectRatio=\"none\"></circle>\n</svg>","type":"GridShape","color":"#3D6399","shape":"ellipse","mobile":{"top":469,"left":191,"width":191,"height":191},"desktop":{"top":40,"left":612,"width":200,"height":200},"settings":{"styles":{}},"animation":{"name":"scale","type":"global"}},"zFVG1y":{"type":"GridSocialIcons","links":[{"svg":"<svg width=\"24\" height=\"24\" viewBox=\"0 0 24 24\" fill=\"none\" xmlns=\"http://www.w3.org/2000/svg\"><path d=\"M24 12.0726C24 5.44354 18.629 0.0725708 12 0.0725708C5.37097 0.0725708 0 5.44354 0 12.0726C0 18.0619 4.38823 23.0264 10.125 23.9274V15.5414H7.07661V12.0726H10.125V9.4287C10.125 6.42144 11.9153 4.76031 14.6574 4.76031C15.9706 4.76031 17.3439 4.99451 17.3439 4.99451V7.94612H15.8303C14.34 7.94612 13.875 8.87128 13.875 9.82015V12.0726H17.2031L16.6708 15.5414H13.875V23.9274C19.6118 23.0264 24 18.0619 24 12.0726Z\" fill=\"currentColor\"/></svg>","icon":"facebook","link":"https://www.facebook.com/"},{"svg":"<svg width=\"24\" height=\"24\" viewBox=\"0 0 24 24\" fill=\"none\" xmlns=\"http://www.w3.org/2000/svg\"><path d=\"M12.0027 5.84808C8.59743 5.84808 5.85075 8.59477 5.85075 12C5.85075 15.4053 8.59743 18.1519 12.0027 18.1519C15.4079 18.1519 18.1546 15.4053 18.1546 12C18.1546 8.59477 15.4079 5.84808 12.0027 5.84808ZM12.0027 15.9996C9.80212 15.9996 8.00312 14.2059 8.00312 12C8.00312 9.7941 9.79677 8.00046 12.0027 8.00046C14.2086 8.00046 16.0022 9.7941 16.0022 12C16.0022 14.2059 14.2032 15.9996 12.0027 15.9996ZM19.8412 5.59644C19.8412 6.39421 19.1987 7.03135 18.4062 7.03135C17.6085 7.03135 16.9713 6.38885 16.9713 5.59644C16.9713 4.80402 17.6138 4.16153 18.4062 4.16153C19.1987 4.16153 19.8412 4.80402 19.8412 5.59644ZM23.9157 7.05277C23.8247 5.13063 23.3856 3.42801 21.9775 2.02522C20.5747 0.622429 18.8721 0.183388 16.9499 0.0870135C14.9689 -0.0254238 9.03112 -0.0254238 7.05008 0.0870135C5.1333 0.178034 3.43068 0.617075 2.02253 2.01986C0.614389 3.42265 0.180703 5.12527 0.0843279 7.04742C-0.0281093 9.02845 -0.0281093 14.9662 0.0843279 16.9472C0.175349 18.8694 0.614389 20.572 2.02253 21.9748C3.43068 23.3776 5.12794 23.8166 7.05008 23.913C9.03112 24.0254 14.9689 24.0254 16.9499 23.913C18.8721 23.822 20.5747 23.3829 21.9775 21.9748C23.3803 20.572 23.8193 18.8694 23.9157 16.9472C24.0281 14.9662 24.0281 9.03381 23.9157 7.05277ZM21.3564 19.0728C20.9388 20.1223 20.1303 20.9307 19.0755 21.3537C17.496 21.9802 13.7481 21.8356 12.0027 21.8356C10.2572 21.8356 6.50396 21.9748 4.92984 21.3537C3.88042 20.9361 3.07195 20.1276 2.64897 19.0728C2.02253 17.4934 2.16709 13.7455 2.16709 12C2.16709 10.2546 2.02789 6.50129 2.64897 4.92717C3.06659 3.87776 3.87507 3.06928 4.92984 2.6463C6.50931 2.01986 10.2572 2.16443 12.0027 2.16443C13.7481 2.16443 17.5014 2.02522 19.0755 2.6463C20.1249 3.06392 20.9334 3.8724 21.3564 4.92717C21.9828 6.50665 21.8383 10.2546 21.8383 12C21.8383 13.7455 21.9828 17.4987 21.3564 19.0728Z\" fill=\"currentColor\"/></svg>","icon":"instagram","link":"https://www.instagram.com/"},{"svg":"<svg width=\"24\" height=\"24\" viewBox=\"0 0 24 24\" fill=\"none\" xmlns=\"http://www.w3.org/2000/svg\"><path d=\"M21.5331 7.11165C21.5483 7.32484 21.5483 7.53807 21.5483 7.75126C21.5483 14.2538 16.5991 21.7462 7.55333 21.7462C4.7665 21.7462 2.17768 20.9391 0 19.5381C0.395955 19.5838 0.776628 19.599 1.18782 19.599C3.48728 19.599 5.60407 18.8224 7.29444 17.4975C5.13199 17.4518 3.31979 16.0356 2.69542 14.0863C3.00001 14.132 3.30456 14.1624 3.62439 14.1624C4.066 14.1624 4.50766 14.1015 4.9188 13.9949C2.66499 13.538 0.974582 11.5584 0.974582 9.1675V9.10661C1.62938 9.47209 2.39087 9.70052 3.19792 9.73094C1.87304 8.84767 1.00505 7.34007 1.00505 5.63447C1.00505 4.72078 1.24866 3.88321 1.67508 3.15224C4.09642 6.13702 7.73605 8.08623 11.8172 8.29946C11.7411 7.93398 11.6954 7.55331 11.6954 7.17259C11.6954 4.46189 13.8883 2.25378 16.6142 2.25378C18.0304 2.25378 19.3096 2.84769 20.2081 3.80709C21.3198 3.5939 22.3858 3.18271 23.33 2.61927C22.9644 3.76143 22.1878 4.72082 21.1675 5.32992C22.1574 5.22337 23.1168 4.9492 24 4.56853C23.3301 5.54311 22.4924 6.4111 21.5331 7.11165Z\" fill=\"currentColor\"/></svg>","icon":"twitter","link":"https://twitter.com/"}],"mobile":{"top":80,"left":122,"width":138,"height":24},"desktop":{"top":104,"left":539,"width":146,"height":24},"settings":{"styles":{"align":"","justify":"center","icon-size":"24px","icon-color":"#121315","icon-spacing":"space-between","icon-direction":"row","icon-color-hover":"rgb(58, 58, 58)","m-element-margin":"0 0 16px 0","space-between-icons":"20px"},"useBrandColors":false},"animation":{"name":"scale","type":"global"},"initialElementId":"zcLY07"},"zOQGY4":{"type":"GridEmbed","mobile":{"top":24,"left":0,"width":382,"height":176},"content":"<p><code><h3>Here you will find a login/signup form</h3></code></p>\n<br>\n<p><code><h3>If it is successfull, show the table with the tests</h3></code></p>\n<br>\n<p><code><h3>Each test will have its own dynamically generated page with all the information</h3></code></p>","desktop":{"top":169,"left":412,"width":400,"height":135},"settings":{"styles":{"height":118.390625}},"initialElementId":"z1fmBD"},"zZ2Pjh":{"svg":"<svg width=\"90\" height=\"90\" viewBox=\"0 0 90 90\" xmlns=\"http://www.w3.org/2000/svg\" preserveAspectRatio=\"none\">\n\t<circle cx=\"45\" cy=\"45\" r=\"45\" stroke=\"none\" preserveAspectRatio=\"none\"></circle>\n</svg>","type":"GridShape","color":"#3D6399","shape":"ellipse","mobile":{"top":620,"left":0,"width":83,"height":83},"desktop":{"top":528,"left":494,"width":112,"height":112},"settings":{"styles":{}},"animation":{"name":"scale","type":"global"}},"zbYm7v":{"type":"GridTextBox","mobile":{"top":80,"left":0,"width":382,"height":17},"content":"<h6 style=\"color: #121315\">And let's not forget</h6>","desktop":{"top":160,"left":103,"width":400,"height":17},"settings":{"styles":{"text":"left","align":"flex-start","justify":"flex-start","m-element-margin":"0 0 16px 0"}},"animation":{"name":"scale","type":"global"},"initialElementId":"zcopHD"},"zcopHD":{"type":"GridTextBox","mobile":{"top":80,"left":0,"width":382,"height":17},"content":"<h6 style=\"color: var(--color-brand)\">First of all</h6>","desktop":{"top":200,"left":721,"width":297,"height":17},"settings":{"styles":{"text":"left","align":"flex-start","justify":"flex-start","m-element-margin":"0 0 16px 0"}},"animation":{"name":"scale","type":"global"}},"ze-DPq":{"type":"GridTextBox","mobile":{"top":80,"left":0,"width":185,"height":24},"content":"<p style=\"color: rgb(37, 43, 51)\" class=\"body\">©2023</p>","desktop":{"top":80,"left":0,"width":194,"height":27},"settings":{"styles":{"text":"left","align":"flex-start","justify":"flex-start","m-element-margin":"0 0 16px 0"}},"animation":{"name":"slide","type":"global"}},"zjW_qv":{"type":"GridTextBox","mobile":{"top":80,"left":0,"width":382,"height":17},"content":"<h6 style=\"color: var(--color-brand)\">Not to mention</h6>","desktop":{"top":200,"left":103,"width":297,"height":17},"settings":{"styles":{"text":"left","align":"flex-start","justify":"flex-start","m-element-margin":"0 0 16px 0"}},"animation":{"name":"scale","type":"global"},"initialElementId":"zcopHD"},"zjrWQ7":{"svg":"<svg preserveAspectRatio=\"none\" viewBox=\"0 0 80 80\"  fill=\"none\" xmlns=\"http://www.w3.org/2000/svg\"><path d=\"M0 0H80V80H0V0Z\" /></svg>","type":"GridShape","color":"#3D6399","shape":"rectangle","mobile":{"top":40,"left":20,"width":343,"height":344},"desktop":{"top":80,"left":618,"width":606,"height":544},"settings":{"styles":{}},"animation":{"name":"scale","type":"global"}},"zw33vg":{"type":"GridTextBox","mobile":{"top":80,"left":0,"width":382,"height":17},"content":"<h6 style=\"color: #121315\">Not to mention</h6>","desktop":{"top":160,"left":721,"width":400,"height":17},"settings":{"styles":{"text":"left","align":"flex-start","justify":"flex-start","m-element-margin":"0 0 16px 0"}},"animation":{"name":"scale","type":"global"},"initialElementId":"zcopHD"},"zzH1JW":{"type":"GridForm","formId":"Contact form","mobile":{"top":120,"left":0,"width":382,"height":493},"desktop":{"top":200,"left":309,"width":606,"height":500,"inputTextSize":16,"labelTextSize":16,"submitButtonFontSize":18},"settings":{"theme":"light","schema":[{"id":"firstName","svg":"align-left-short","name":"Name","type":"GridInput","fieldType":"short-answer","inputLabel":"Name","validation":[["optional"]],"placeholder":"Your name","validation-messages":{"required":"This field is required"}},{"id":"lastName","svg":"align-left-short","name":"Last name","type":"GridInput","fieldType":"short-answer","inputLabel":"Last name","validation":[["optional"]],"placeholder":"Your last name","validation-messages":{"required":"This field is required"}},{"id":"email","svg":"align-left-short","name":"Short answer email","type":"GridInput","fieldType":"short-answer","inputLabel":"Your email","validation":[["bail"],["email"],["required"]],"placeholder":"Your email address","validation-messages":{"email":"Please enter a valid email address","required":"This field is required"}},{"id":"message","svg":"align-left","tag":"textarea","name":"Paragraph","type":"GridInput","inputLabel":"Message","validation":[["required"]],"placeholder":"Enter your message","validation-messages":{"required":"This field is required"}}],"styles":{"justify":"center","formSpacing":"22px 10px","m-element-margin":"0 0 16px 0"},"successMessage":"Thank You!"},"animation":{"name":"scale","type":"global"},"inputFillColor":"rgb(255, 255, 255)","inputTextColor":"rgb(26, 26, 26)","labelTextColor":"#121315","formBorderColor":"#1d1e20","innerBackground":{"color":"rgb(255, 255, 255)","image":"","current":""},"inputBorderColor":"#B8C0CC","inputBorderWidth":1,"submitButtonData":{"type":"GridButton","content":"Submit","settings":{"type":"primary","styles":{"align":"center","justify":"center","position":"8/8/9/10"},"isFormButton":true}},"inputBorderRadius":4,"inputFillColorHover":"rgb(255, 255, 255)","inputTextColorHover":"rgb(26, 26, 26)","inputBorderColorHover":"rgb(128, 138, 153)","submitButtonFontColor":"#FFFFFF","submitButtonFontFamily":"Inter","submitButtonFontWeight":700,"submitButtonBorderColor":"rgba(0, 0, 0, 0)","submitButtonBorderWidth":0,"submitButtonBorderRadius":4,"submitButtonFontColorHover":"#FFFFFF","submitButtonBackgroundColor":"#0B1524","submitButtonBorderColorHover":"rgba(0, 0, 0, 0)","submitButtonBorderWidthHover":0,"submitButtonBackgroundColorHover":"rgb(26, 26, 26)"},"hero-title":{"type":"GridTextBox","mobile":{"top":80,"left":0,"width":382,"height":91},"content":"<h1 style=\"color: #121315\">Transform Testing with Testro</h1>","desktop":{"top":184,"left":0,"width":503,"height":216},"settings":{"styles":{"text":"left","align":"flex-start","justify":"flex-start","m-element-margin":"0 0 16px 0"}},"animation":{"name":"scale","type":"global"},"shouldUpdateElementPosition":true},"hero-image-1":{"rel":"nofollow","type":"GridImage","mobile":{"top":260,"left":0,"width":382,"height":384},"desktop":{"top":64,"left":618,"width":606,"height":593},"settings":{"alt":"a man holding a basket filled with different types of vegetables","rel":"","href":"","path":"photo-1680472584318-157d4b7fbd12?crop=entropy&cs=tinysrgb&fit=max&fm=jpg&ixid=MnwzOTE5Mjl8MHwxfHJhbmRvbXx8fHx8fHx8fDE2ODE4NTI1NTI&ixlib=rb-4.0.3&q=80&w=1080","origin":"unsplash","styles":{"align":"center","justify":"center","border-radius":"50%","m-element-margin":"0 0 16px 0"},"target":"_self","clickAction":"none"},"animation":{"name":"scale","type":"global"},"fullResolutionWidth":1080,"fullResolutionHeight":1350},"contact-title":{"type":"GridTextBox","mobile":{"top":40,"left":0,"width":382,"height":41},"content":"<h2 style=\"color: #121315\">Get In Touch</h2>","desktop":{"top":82,"left":309,"width":606,"height":58},"settings":{"styles":{"text":"center","align":"flex-start","justify":"flex-start","m-element-margin":"0 0 16px 0"}},"animation":{"name":"scale","type":"global"},"shouldUpdateElementPosition":true},"hero-subtitle":{"type":"GridTextBox","mobile":{"top":193,"left":0,"width":382,"height":27},"content":"<p style=\"color: #121315\" class=\"body-large\">Automate and streamline your testing process</p>","desktop":{"top":440,"left":0,"width":400,"height":60},"settings":{"styles":{"text":"left","align":"flex-start","justify":"flex-start","m-element-margin":"0 0 16px 0"}},"animation":{"name":"scale","type":"global"},"shouldUpdateElementPosition":true},"section1-title":{"type":"GridTextBox","mobile":{"top":120,"left":0,"width":382,"height":38},"content":"<h3 style=\"color: #121315\">Automated Testing</h3>","desktop":{"top":240,"left":721,"width":400,"height":43},"settings":{"styles":{"text":"left","align":"flex-start","justify":"flex-start","m-element-margin":"0 0 16px 0"}},"animation":{"name":"scale","type":"global"},"shouldUpdateElementPosition":true},"section2-title":{"type":"GridTextBox","mobile":{"top":120,"left":0,"width":382,"height":38},"content":"<h3 style=\"color: #121315\">Easy Test Creation</h3>","desktop":{"top":240,"left":103,"width":400,"height":43},"settings":{"styles":{"text":"left","align":"flex-start","justify":"flex-start","m-element-margin":"0 0 16px 0"}},"animation":{"name":"scale","type":"global"},"initialElementId":"section1-title","shouldUpdateElementPosition":true},"section3-title":{"type":"GridTextBox","mobile":{"top":120,"left":0,"width":382,"height":38},"content":"<h3 style=\"color: #121315\">Mobile Testing</h3>","desktop":{"top":240,"left":721,"width":400,"height":43},"settings":{"styles":{"text":"left","align":"flex-start","justify":"flex-start","m-element-margin":"0 0 16px 0"}},"animation":{"name":"scale","type":"global"},"initialElementId":"section1-title","shouldUpdateElementPosition":true},"section1-image-1":{"rel":"nofollow","type":"GridImage","mobile":{"top":312,"left":0,"width":382,"height":384},"desktop":{"top":80,"left":103,"width":503,"height":501},"settings":{"alt":"a person painting a wall with a paint roller","path":"photo-1679018179962-06922435f6bc?crop=entropy&cs=tinysrgb&fit=max&fm=jpg&ixid=MnwzOTE5Mjl8MHwxfHJhbmRvbXx8fHx8fHx8fDE2ODE4NTI1NTI&ixlib=rb-4.0.3&q=80&w=1080","origin":"unsplash","styles":{"align":"center","justify":"center","border-radius":"50%","m-element-margin":"0 0 16px 0"},"clickAction":"none"},"animation":{"name":"scale","type":"global"},"fullResolutionWidth":1080,"fullResolutionHeight":1620},"section2-image-1":{"rel":"nofollow","type":"GridImage","mobile":{"top":336,"left":0,"width":382,"height":384},"desktop":{"top":83,"left":618,"width":503,"height":501},"settings":{"alt":"a woman in a trench coat is riding a scooter","path":"photo-1680252112129-91e7840cba38?crop=entropy&cs=tinysrgb&fit=max&fm=jpg&ixid=MnwzOTE5Mjl8MHwxfHJhbmRvbXx8fHx8fHx8fDE2ODE4NTI1NTI&ixlib=rb-4.0.3&q=80&w=1080","origin":"unsplash","styles":{"align":"center","justify":"center","border-radius":"50%","m-element-margin":"0 0 16px 0"},"clickAction":"none"},"animation":{"name":"scale","type":"global"},"initialElementId":"section1-image-1","fullResolutionWidth":1080,"fullResolutionHeight":1350},"section3-image-1":{"rel":"nofollow","type":"GridImage","mobile":{"top":336,"left":0,"width":382,"height":384},"desktop":{"top":80,"left":103,"width":503,"height":501},"settings":{"alt":"a bride and groom standing in front of a mountain","path":"photo-1680568383146-233b7e41f5af?crop=entropy&cs=tinysrgb&fit=max&fm=jpg&ixid=MnwzOTE5Mjl8MHwxfHJhbmRvbXx8fHx8fHx8fDE2ODE4NTI1NTI&ixlib=rb-4.0.3&q=80&w=1080","origin":"unsplash","styles":{"align":"center","justify":"center","border-radius":"50%","m-element-margin":"0 0 16px 0"},"clickAction":"none"},"animation":{"name":"scale","type":"global"},"initialElementId":"section1-image-1","fullResolutionWidth":1080,"fullResolutionHeight":1512},"footer-brand-name":{"type":"GridTextBox","mobile":{"top":35,"left":0,"width":382,"height":29},"content":"<h4 style=\"color: rgb(18, 19, 21)\">Testro: Simplify your testing</h4>","desktop":{"top":42,"left":103,"width":1018,"height":38},"settings":{"styles":{"text":"center","align":"flex-start","justify":"flex-start","m-element-margin":"0 0 16px 0"}},"animation":{"name":"scale","type":"global"},"shouldUpdateElementPosition":true},"section1-description":{"type":"GridTextBox","mobile":{"top":208,"left":0,"width":382,"height":48},"content":"<p style=\"color: #121315\" class=\"body\">Our platform automates the testing process, saving teachers time and effort when grading student tests.</p>","desktop":{"top":356,"left":721,"width":400,"height":81},"settings":{"styles":{"text":"left","align":"flex-start","justify":"flex-start","m-element-margin":"0 0 16px 0"}},"animation":{"name":"scale","type":"global"},"shouldUpdateElementPosition":true},"section2-description":{"type":"GridTextBox","mobile":{"top":208,"left":0,"width":382,"height":72},"content":"<p style=\"color: #121315\" class=\"body\">Our platform allows teachers to easily create and manage tests, including questions and test properties like time limits.</p>","desktop":{"top":356,"left":103,"width":400,"height":81},"settings":{"styles":{"text":"left","align":"flex-start","justify":"flex-start","m-element-margin":"0 0 16px 0"}},"animation":{"name":"scale","type":"global"},"initialElementId":"section1-description","shouldUpdateElementPosition":true},"section3-description":{"type":"GridTextBox","mobile":{"top":208,"left":0,"width":382,"height":72},"content":"<p style=\"color: #121315\" class=\"body\">Our mobile app enables students to take tests on their phones, making testing more accessible and convenient.</p>","desktop":{"top":356,"left":721,"width":400,"height":81},"settings":{"styles":{"text":"left","align":"flex-start","justify":"flex-start","m-element-margin":"0 0 16px 0"}},"animation":{"name":"scale","type":"global"},"initialElementId":"section1-description","shouldUpdateElementPosition":true}},"flagPath":"us.svg","metaTitle":"Testro","homePageId":"home","isNavHidden":false,"cookieBannerAcceptText":"Accept","cookieBannerDisclaimer":"This website uses cookies to provide necessary site functionality and to improve your experience. By using this website, you agree to our use of cookies.","cookieBannerDeclineText":"Decline"},"uk":{"alt":"uk flag","nav":[{"isHidden":false,"linkType":"Page","subItems":[],"navItemId":"home","linkedPageId":"home"},{"isHidden":false,"linkType":"Page","subItems":[],"navItemId":"zJFPDz","linkedPageId":"zQYwK-"},{"isHidden":true,"linkType":"Page","subItems":[],"navItemId":"zEbB65","linkedPageId":"zxki-V"}],"src":"https://cdnjs.cloudflare.com/ajax/libs/flag-icon-css/4.1.5/flags/4x3/ua.svg","name":"Українська","pages":{"home":{"meta":{"title":"Automated Testing with Mobile Application for Teachers","noindex":false,"keywords":["automated testing","mobile application","teachers"],"password":"","ogImageAlt":"","description":"Our website supports automated testing for students through a mobile application. Teachers can create and fill tests, questions, and set test properties such as time. Try our platform now!","ogImagePath":null,"ogImageOrigin":null,"passwordDesign":"default","passwordBackText":"Вернуться к","passwordButtonText":"Войти","passwordHeadingText":"Гостевая зона доступа","passwordSubheadingText":"Пожалуйста, введите пароль для доступа к странице","passwordPlaceholderText":"Введите пароль"},"name":"Головна","slug":"zUzUDL","type":"default","blocks":["hero","section1","section2","section3","about","contact"]},"zQYwK-":{"meta":{"noindex":false,"password":"","ogImageAlt":"","ogImagePath":null,"ogImageOrigin":null,"passwordDesign":"default","passwordBackText":"Вернуться к","passwordButtonText":"Войти","passwordHeadingText":"Гостевая зона доступа","passwordSubheadingText":"Пожалуйста, введите пароль для доступа к странице","passwordPlaceholderText":"Введите пароль"},"name":"Кабінет","slug":"cabinet","type":"default","blocks":["zxVqHA"]},"zxki-V":{"meta":{"noindex":false,"password":"","ogImageAlt":"","ogImagePath":null,"ogImageOrigin":null,"passwordDesign":"default","passwordBackText":"Вернуться к","passwordButtonText":"Войти","passwordHeadingText":"Гостевая зона доступа","passwordSubheadingText":"Пожалуйста, введите пароль для доступа к странице","passwordPlaceholderText":"Введите пароль"},"name":"Тести","slug":"tests","type":"default","blocks":["zxCYYM"]}},"blocks":{"hero":{"type":"BlockLayout","mobile":{"minHeight":872},"desktop":{"minHeight":746},"settings":{"styles":{"block-padding":"16px 0 16px 0","m-block-padding":"16px"}},"zindexes":["zF6M6W","hero-title","hero-subtitle","hero-image-1","zZ2Pjh"],"background":{"path":null,"color":"#FFFFFF","image":null,"origin":null,"current":"image"},"components":["hero-title","hero-subtitle","hero-image-1","zF6M6W","zZ2Pjh"]},"about":{"type":"BlockLayout","mobile":{"minHeight":254},"desktop":{"minHeight":217},"settings":{"styles":{"block-padding":"16px 0 16px 0","m-block-padding":"16px"}},"zindexes":["about-title","about-description"],"background":{"path":null,"color":"rgb(184, 192, 204)","image":null,"origin":null,"current":"color"},"components":["about-title","about-description"]},"header":{"type":"BlockNavigation","mobile":{"logoHeight":16.576171875},"desktop":{"logoHeight":16.576171875},"settings":{"styles":{"width":"1240px","padding":"24px 16px 24px 16px","m-padding":"24px 16px 24px 16px","logo-width":"65.046875px","cartIconSize":"24px","m-logo-width":"65.046875px","oldContentWidth":"1600px","menu-item-spacing":"64px","space-between-menu":"64px","m-menu-item-spacing":"20px","contrastBackgroundColor":"rgb(224, 224, 224)"},"cartText":"","isSticky":false,"showLogo":true,"isCartVisible":true,"logoImagePath":"ai-logo-AR0eEnxX7xFwnyj0.svg","logoPlacement":"left","logoImageOrigin":"assets","m-logoPlacement":"left","navigationPlacement":"right","m-navigationPlacement":"right"},"background":{"color":"rgb(255, 255, 255)","current":"color","isTransparent":false},"components":[],"fontFamily":null,"fontWeight":null,"logoAspectRatio":3.347826086956522,"navLinkTextColor":"rgb(26, 26, 26)","navLinkTextColorHover":"rgb(26, 26, 26)"},"z1ORrW":{"slot":"footer","type":"BlockLayout","mobile":{"minHeight":195},"desktop":{"minHeight":184},"settings":{"styles":{"cols":"12","rows":6,"width":"1224px","m-rows":"1","col-gap":"24px","row-gap":"16px","row-size":"48px","column-gap":"24px","block-padding":"16px 0 16px 0","m-block-padding":"40px 16px 40px 16px"}},"zindexes":["zFVG1y","zUIoyR"],"background":{"path":null,"color":"rgb(61, 99, 153)","image":null,"origin":null,"current":"color"},"components":["zFVG1y","zUIoyR"],"initialBlockId":"0NHSEQ084"},"zxCYYM":{"type":"BlockLayout","mobile":{"minHeight":140},"desktop":{"minHeight":500},"settings":{"styles":{"block-padding":"16px 0 16px 0","m-block-padding":"16px"}},"zindexes":["z4bwJl"],"background":{"color":"rgb(255, 255, 255)","current":"color"},"components":["z4bwJl"]},"zxVqHA":{"type":"BlockLayout","mobile":{"minHeight":527},"desktop":{"minHeight":500},"settings":{"styles":{"block-padding":"16px 0 16px 0","m-block-padding":"16px"}},"zindexes":["zIdAD8"],"background":{"path":null,"color":"rgb(31, 32, 41)","image":null,"origin":null,"current":"color"},"components":["zIdAD8"]},"contact":{"type":"BlockLayout","mobile":{"minHeight":667},"desktop":{"minHeight":788},"settings":{"styles":{"block-padding":"16px 0 16px 0","m-block-padding":"16px"}},"zindexes":["contact-title","zzH1JW"],"background":{"path":null,"color":"rgb(233, 236, 243)","image":null,"origin":null,"current":"color"},"components":["contact-title","zzH1JW"]},"section1":{"type":"BlockLayout","mobile":{"minHeight":833},"desktop":{"minHeight":716},"settings":{"styles":{"block-padding":"16px 0 16px 0","m-block-padding":"16px"}},"zindexes":["section1-image-1","zcopHD","section1-title","section1-description"],"background":{"path":null,"color":"#E9ECF3","image":null,"origin":null,"current":"color"},"components":["zcopHD","section1-title","section1-description","section1-image-1"]},"section2":{"type":"BlockLayout","mobile":{"minHeight":824},"desktop":{"minHeight":660},"settings":{"styles":{"block-padding":"16px 0 16px 0","m-block-padding":"16px"}},"zindexes":["section2-image-1","zjW_qv","section2-title","section2-description"],"background":{"path":null,"color":"#FFFFFF","image":null,"origin":null,"current":"color"},"components":["zjW_qv","section2-title","section2-description","section2-image-1"],"initialBlockId":"section1"},"section3":{"type":"BlockLayout","mobile":{"minHeight":819},"desktop":{"minHeight":660},"settings":{"styles":{"block-padding":"16px 0 16px 0","m-block-padding":"16px"}},"zindexes":["section3-image-1","z-9b5u","section3-title","section3-description"],"background":{"path":null,"color":"#E9ECF3","image":null,"origin":null,"current":"color"},"components":["z-9b5u","section3-title","section3-description","section3-image-1"],"initialBlockId":"section1"}},"locale":"uk","country":"ua","elements":{"z-9b5u":{"type":"GridTextBox","mobile":{"top":80,"left":0,"width":382,"height":17},"content":"<h6 style=\"color: var(--color-brand)\">І давайте не забувати про</h6>","desktop":{"top":200,"left":721,"width":297,"height":17},"settings":{"styles":{"text":"left","align":"flex-start","justify":"flex-start","m-element-margin":"0 0 16px 0"}},"animation":{"name":"scale","type":"global"},"initialElementId":"zcopHD"},"z4bwJl":{"type":"GridEmbed","mobile":{"top":16,"left":0,"width":382,"height":200},"content":"<p><code><h3>Here you will find a tests list</h3></code></p>\n<br>\n<p><code><h3>If it is successfull, show the table with the tests</h3></code></p>\n<br>\n<p><code><h3>Each test will have its own dynamically generated page with all the information</h3></code></p>\n\n<div include-html-tag=\"cabinet-main-page.html\"></div>\n\n<script src=\"include-html-script.js\">\nincludeHTML();\n</script>","desktop":{"top":160,"left":412,"width":400,"height":144},"settings":{"styles":{"height":118.390625}}},"zF6M6W":{"svg":"<svg width=\"90\" height=\"90\" viewBox=\"0 0 90 90\" xmlns=\"http://www.w3.org/2000/svg\" preserveAspectRatio=\"none\">\n\t<circle cx=\"45\" cy=\"45\" r=\"45\" stroke=\"none\" preserveAspectRatio=\"none\"></circle>\n</svg>","type":"GridShape","color":"#3D6399","shape":"ellipse","mobile":{"top":542,"left":191,"width":191,"height":191},"desktop":{"top":40,"left":612,"width":200,"height":200},"settings":{"styles":{}},"animation":{"name":"scale","type":"global"}},"zFVG1y":{"type":"GridSocialIcons","links":[{"svg":"<svg width=\"24\" height=\"24\" viewBox=\"0 0 24 24\" fill=\"none\" xmlns=\"http://www.w3.org/2000/svg\"><path d=\"M24 12.0726C24 5.44354 18.629 0.0725708 12 0.0725708C5.37097 0.0725708 0 5.44354 0 12.0726C0 18.0619 4.38823 23.0264 10.125 23.9274V15.5414H7.07661V12.0726H10.125V9.4287C10.125 6.42144 11.9153 4.76031 14.6574 4.76031C15.9706 4.76031 17.3439 4.99451 17.3439 4.99451V7.94612H15.8303C14.34 7.94612 13.875 8.87128 13.875 9.82015V12.0726H17.2031L16.6708 15.5414H13.875V23.9274C19.6118 23.0264 24 18.0619 24 12.0726Z\" fill=\"currentColor\"/></svg>","icon":"facebook","link":"https://www.facebook.com/"},{"svg":"<svg width=\"24\" height=\"24\" viewBox=\"0 0 24 24\" fill=\"none\" xmlns=\"http://www.w3.org/2000/svg\"><path d=\"M12.0027 5.84808C8.59743 5.84808 5.85075 8.59477 5.85075 12C5.85075 15.4053 8.59743 18.1519 12.0027 18.1519C15.4079 18.1519 18.1546 15.4053 18.1546 12C18.1546 8.59477 15.4079 5.84808 12.0027 5.84808ZM12.0027 15.9996C9.80212 15.9996 8.00312 14.2059 8.00312 12C8.00312 9.7941 9.79677 8.00046 12.0027 8.00046C14.2086 8.00046 16.0022 9.7941 16.0022 12C16.0022 14.2059 14.2032 15.9996 12.0027 15.9996ZM19.8412 5.59644C19.8412 6.39421 19.1987 7.03135 18.4062 7.03135C17.6085 7.03135 16.9713 6.38885 16.9713 5.59644C16.9713 4.80402 17.6138 4.16153 18.4062 4.16153C19.1987 4.16153 19.8412 4.80402 19.8412 5.59644ZM23.9157 7.05277C23.8247 5.13063 23.3856 3.42801 21.9775 2.02522C20.5747 0.622429 18.8721 0.183388 16.9499 0.0870135C14.9689 -0.0254238 9.03112 -0.0254238 7.05008 0.0870135C5.1333 0.178034 3.43068 0.617075 2.02253 2.01986C0.614389 3.42265 0.180703 5.12527 0.0843279 7.04742C-0.0281093 9.02845 -0.0281093 14.9662 0.0843279 16.9472C0.175349 18.8694 0.614389 20.572 2.02253 21.9748C3.43068 23.3776 5.12794 23.8166 7.05008 23.913C9.03112 24.0254 14.9689 24.0254 16.9499 23.913C18.8721 23.822 20.5747 23.3829 21.9775 21.9748C23.3803 20.572 23.8193 18.8694 23.9157 16.9472C24.0281 14.9662 24.0281 9.03381 23.9157 7.05277ZM21.3564 19.0728C20.9388 20.1223 20.1303 20.9307 19.0755 21.3537C17.496 21.9802 13.7481 21.8356 12.0027 21.8356C10.2572 21.8356 6.50396 21.9748 4.92984 21.3537C3.88042 20.9361 3.07195 20.1276 2.64897 19.0728C2.02253 17.4934 2.16709 13.7455 2.16709 12C2.16709 10.2546 2.02789 6.50129 2.64897 4.92717C3.06659 3.87776 3.87507 3.06928 4.92984 2.6463C6.50931 2.01986 10.2572 2.16443 12.0027 2.16443C13.7481 2.16443 17.5014 2.02522 19.0755 2.6463C20.1249 3.06392 20.9334 3.8724 21.3564 4.92717C21.9828 6.50665 21.8383 10.2546 21.8383 12C21.8383 13.7455 21.9828 17.4987 21.3564 19.0728Z\" fill=\"currentColor\"/></svg>","icon":"instagram","link":"https://www.instagram.com/"},{"svg":"<svg width=\"24\" height=\"24\" viewBox=\"0 0 24 24\" fill=\"none\" xmlns=\"http://www.w3.org/2000/svg\"><path d=\"M21.5331 7.11165C21.5483 7.32484 21.5483 7.53807 21.5483 7.75126C21.5483 14.2538 16.5991 21.7462 7.55333 21.7462C4.7665 21.7462 2.17768 20.9391 0 19.5381C0.395955 19.5838 0.776628 19.599 1.18782 19.599C3.48728 19.599 5.60407 18.8224 7.29444 17.4975C5.13199 17.4518 3.31979 16.0356 2.69542 14.0863C3.00001 14.132 3.30456 14.1624 3.62439 14.1624C4.066 14.1624 4.50766 14.1015 4.9188 13.9949C2.66499 13.538 0.974582 11.5584 0.974582 9.1675V9.10661C1.62938 9.47209 2.39087 9.70052 3.19792 9.73094C1.87304 8.84767 1.00505 7.34007 1.00505 5.63447C1.00505 4.72078 1.24866 3.88321 1.67508 3.15224C4.09642 6.13702 7.73605 8.08623 11.8172 8.29946C11.7411 7.93398 11.6954 7.55331 11.6954 7.17259C11.6954 4.46189 13.8883 2.25378 16.6142 2.25378C18.0304 2.25378 19.3096 2.84769 20.2081 3.80709C21.3198 3.5939 22.3858 3.18271 23.33 2.61927C22.9644 3.76143 22.1878 4.72082 21.1675 5.32992C22.1574 5.22337 23.1168 4.9492 24 4.56853C23.3301 5.54311 22.4924 6.4111 21.5331 7.11165Z\" fill=\"currentColor\"/></svg>","icon":"twitter","link":"https://twitter.com/"}],"mobile":{"top":136,"left":122,"width":138,"height":24},"desktop":{"top":104,"left":543,"width":138,"height":24},"settings":{"styles":{"align":"","justify":"center","icon-size":"24px","icon-color":"rgb(255, 255, 255)","icon-spacing":"space-between","icon-direction":"row","icon-color-hover":"rgb(58, 58, 58)","m-element-margin":"0 0 16px 0","space-between-icons":"20px"},"useBrandColors":false},"animation":{"name":"scale","type":"global"},"initialElementId":"zcLY07"},"zIdAD8":{"type":"GridEmbed","mobile":{"top":24,"left":0,"width":382,"height":480},"content":"<script src=scripts/include-html-script.js></script>\n<div include-html-tag=\"cabinet/cabinet-login.php\"></div>\n<script>includeHTML();</script>","desktop":{"top":24,"left":0,"width":1224,"height":456},"settings":{"styles":{"height":0}}},"zUIoyR":{"type":"GridTextBox","mobile":{"top":27,"left":0,"width":382,"height":77},"content":"<h3 style=\"color: rgb(255, 255, 255)\">Testro: Тестування це просто</h3>","desktop":{"top":37,"left":309,"width":605,"height":43},"settings":{"styles":{"text":"center","align":"flex-start","justify":"flex-start","m-element-margin":"0 0 16px 0"}},"animation":{"name":"scale","type":"global"},"shouldUpdateElementPosition":true},"zZ2Pjh":{"svg":"<svg width=\"90\" height=\"90\" viewBox=\"0 0 90 90\" xmlns=\"http://www.w3.org/2000/svg\" preserveAspectRatio=\"none\">\n\t<circle cx=\"45\" cy=\"45\" r=\"45\" stroke=\"none\" preserveAspectRatio=\"none\"></circle>\n</svg>","type":"GridShape","color":"#3D6399","shape":"ellipse","mobile":{"top":693,"left":0,"width":83,"height":83},"desktop":{"top":528,"left":494,"width":112,"height":112},"settings":{"styles":{}},"animation":{"name":"scale","type":"global"}},"zbYm7v":{"type":"GridTextBox","mobile":{"top":80,"left":0,"width":382,"height":17},"content":"<h6 style=\"color: #121315\">And let's not forget</h6>","desktop":{"top":160,"left":103,"width":400,"height":17},"settings":{"styles":{"text":"left","align":"flex-start","justify":"flex-start","m-element-margin":"0 0 16px 0"}},"animation":{"name":"scale","type":"global"},"initialElementId":"zcopHD"},"zcopHD":{"type":"GridTextBox","mobile":{"top":80,"left":0,"width":382,"height":17},"content":"<h6 style=\"color: var(--color-brand)\">Перш за все</h6>","desktop":{"top":200,"left":721,"width":297,"height":17},"settings":{"styles":{"text":"left","align":"flex-start","justify":"flex-start","m-element-margin":"0 0 16px 0"}},"animation":{"name":"scale","type":"global"}},"ze-DPq":{"type":"GridTextBox","mobile":{"top":80,"left":0,"width":185,"height":24},"content":"<p style=\"color: rgb(37, 43, 51)\" class=\"body\">©2023</p>","desktop":{"top":80,"left":0,"width":194,"height":27},"settings":{"styles":{"text":"left","align":"flex-start","justify":"flex-start","m-element-margin":"0 0 16px 0"}},"animation":{"name":"slide","type":"global"}},"zjW_qv":{"type":"GridTextBox","mobile":{"top":80,"left":0,"width":382,"height":17},"content":"<h6 style=\"color: var(--color-brand)\">Не кажучи вже про</h6>","desktop":{"top":200,"left":103,"width":297,"height":17},"settings":{"styles":{"text":"left","align":"flex-start","justify":"flex-start","m-element-margin":"0 0 16px 0"}},"animation":{"name":"scale","type":"global"},"initialElementId":"zcopHD"},"zjrWQ7":{"svg":"<svg preserveAspectRatio=\"none\" viewBox=\"0 0 80 80\"  fill=\"none\" xmlns=\"http://www.w3.org/2000/svg\"><path d=\"M0 0H80V80H0V0Z\" /></svg>","type":"GridShape","color":"#3D6399","shape":"rectangle","mobile":{"top":40,"left":20,"width":343,"height":344},"desktop":{"top":80,"left":618,"width":606,"height":544},"settings":{"styles":{}},"animation":{"name":"scale","type":"global"}},"zw33vg":{"type":"GridTextBox","mobile":{"top":80,"left":0,"width":382,"height":17},"content":"<h6 style=\"color: #121315\">Not to mention</h6>","desktop":{"top":160,"left":721,"width":400,"height":17},"settings":{"styles":{"text":"left","align":"flex-start","justify":"flex-start","m-element-margin":"0 0 16px 0"}},"animation":{"name":"scale","type":"global"},"initialElementId":"zcopHD"},"zzH1JW":{"type":"GridForm","formId":"Contact form","mobile":{"top":120,"left":0,"width":382,"height":493},"desktop":{"top":200,"left":309,"width":606,"height":500,"inputTextSize":16,"labelTextSize":16,"submitButtonFontSize":18},"settings":{"theme":"light","schema":[{"id":"firstName","svg":"align-left-short","name":"Ім'я","type":"GridInput","fieldType":"short-answer","inputLabel":"Ім'я","validation":[["required"]],"placeholder":"Ваше ім'я","validation-messages":{"required":"This field is required"}},{"id":"lastName","svg":"align-left-short","name":"Прізвище","type":"GridInput","fieldType":"short-answer","inputLabel":"Прізвище","validation":[["optional"]],"placeholder":"Ваше прізвище","validation-messages":{"required":"This field is required"}},{"id":"email","svg":"align-left-short","name":"Email","type":"GridInput","fieldType":"short-answer","inputLabel":"Email","validation":[["bail"],["email"],["required"]],"placeholder":"Ваша електронна адреса","validation-messages":{"email":"Please enter a valid email address","required":"This field is required"}},{"id":"message","svg":"align-left","tag":"textarea","name":"Повідомлення","type":"GridInput","inputLabel":"Повідомлення","validation":[["required"]],"placeholder":"Як ми можемо Вам допомогти?","validation-messages":{"required":"This field is required"}}],"styles":{"justify":"center","formSpacing":"22px 10px","m-element-margin":"0 0 16px 0"},"successMessage":"Дякуємо! \nМи зв'яжемося з вами найближчим часом"},"animation":{"name":"scale","type":"global"},"inputFillColor":"rgb(255, 255, 255)","inputTextColor":"rgb(26, 26, 26)","labelTextColor":"#121315","formBorderColor":"#1d1e20","innerBackground":{"color":"rgb(255, 255, 255)","image":"","current":""},"inputBorderColor":"#B8C0CC","inputBorderWidth":1,"submitButtonData":{"type":"GridButton","content":"Відправити","settings":{"type":"primary","styles":{"align":"center","justify":"center","position":"8/8/9/10"},"isFormButton":true}},"inputBorderRadius":4,"inputFillColorHover":"rgb(255, 255, 255)","inputTextColorHover":"rgb(26, 26, 26)","inputBorderColorHover":"rgb(128, 138, 153)","submitButtonFontColor":"#FFFFFF","submitButtonFontFamily":"Inter","submitButtonFontWeight":700,"submitButtonBorderColor":"rgba(0, 0, 0, 0)","submitButtonBorderWidth":0,"submitButtonBorderRadius":4,"submitButtonFontColorHover":"#FFFFFF","submitButtonBackgroundColor":"#0B1524","submitButtonBorderColorHover":"rgba(0, 0, 0, 0)","submitButtonBorderWidthHover":0,"submitButtonBackgroundColorHover":"rgb(26, 26, 26)"},"hero-title":{"type":"GridTextBox","mobile":{"top":80,"left":0,"width":382,"height":137},"content":"<h1 style=\"color: rgb(18, 19, 21)\">Спростіть процес тестування разом з Testro</h1>","desktop":{"top":184,"left":0,"width":537,"height":216},"settings":{"styles":{"text":"left","align":"flex-start","justify":"flex-start","m-element-margin":"0 0 16px 0"}},"animation":{"name":"scale","type":"global"},"shouldUpdateElementPosition":true},"about-title":{"type":"GridTextBox","mobile":{"top":42,"left":0,"width":382,"height":38},"content":"<h3 style=\"color: rgb(18, 19, 21)\">Наша місія</h3>","desktop":{"top":40,"left":206,"width":812,"height":43},"settings":{"styles":{"text":"center","align":"flex-start","justify":"flex-start","m-element-margin":"0 0 16px 0"}},"animation":{"name":"scale","type":"global"},"shouldUpdateElementPosition":true},"hero-image-1":{"rel":"nofollow","type":"GridImage","mobile":{"top":333,"left":0,"width":382,"height":384},"desktop":{"top":64,"left":618,"width":606,"height":593},"settings":{"alt":"black nikon dslr camera on white printer paper","rel":"","href":"","path":"https://cdn.zyrosite.com/cdn-builder-placeholders/asset-manager/1JM7_xehCVA.jpeg?w=1366&q=70&auto=format","origin":"other","styles":{"align":"center","justify":"center","border-radius":"50%","m-element-margin":"0 0 16px 0"},"target":"_self","clickAction":"none"},"animation":{"name":"scale","type":"global"},"fullResolutionWidth":560,"fullResolutionHeight":700},"contact-title":{"type":"GridTextBox","mobile":{"top":40,"left":0,"width":382,"height":41},"content":"<h2 style=\"color: rgb(18, 19, 21)\">Зв'язатися з нами</h2>","desktop":{"top":80,"left":309,"width":606,"height":58},"settings":{"styles":{"text":"center","align":"flex-start","justify":"flex-start","m-element-margin":"0 0 16px 0"}},"animation":{"name":"scale","type":"global"},"shouldUpdateElementPosition":true},"hero-subtitle":{"type":"GridTextBox","mobile":{"top":239,"left":0,"width":382,"height":54},"content":"<p style=\"color: rgb(18, 19, 21)\" class=\"body-large\"><span style=\"color: rgb(0, 0, 0); text-transform: none; letter-spacing: normal; font-family: Nunito; font-weight: 400\">Автоматизуйте та оптимізуйте свій процес тестування</span></p>","desktop":{"top":440,"left":0,"width":400,"height":60},"settings":{"styles":{"text":"left","align":"flex-start","justify":"flex-start","m-element-margin":"0 0 16px 0"}},"animation":{"name":"scale","type":"global"},"shouldUpdateElementPosition":true},"section1-title":{"type":"GridTextBox","mobile":{"top":120,"left":0,"width":382,"height":77},"content":"<h3 style=\"color: rgb(18, 19, 21)\">Автоматизоване тестування</h3>","desktop":{"top":240,"left":721,"width":400,"height":86},"settings":{"styles":{"text":"left","align":"flex-start","justify":"flex-start","m-element-margin":"0 0 16px 0"}},"animation":{"name":"scale","type":"global"},"shouldUpdateElementPosition":true},"section2-title":{"type":"GridTextBox","mobile":{"top":120,"left":0,"width":382,"height":77},"content":"<h3 style=\"color: rgb(18, 19, 21)\">Легкість створення тестів</h3>","desktop":{"top":240,"left":103,"width":400,"height":86},"settings":{"styles":{"text":"left","align":"flex-start","justify":"flex-start","m-element-margin":"0 0 16px 0"}},"animation":{"name":"scale","type":"global"},"initialElementId":"section1-title","shouldUpdateElementPosition":true},"section3-title":{"type":"GridTextBox","mobile":{"top":120,"left":0,"width":382,"height":38},"content":"<h3 style=\"color: rgb(18, 19, 21)\">Мобільне тестування</h3>","desktop":{"top":237,"left":721,"width":400,"height":43},"settings":{"styles":{"text":"left","align":"flex-start","justify":"flex-start","m-element-margin":"0 0 16px 0"}},"animation":{"name":"scale","type":"global"},"initialElementId":"section1-title","shouldUpdateElementPosition":true},"section1-image-1":{"rel":"nofollow","type":"GridImage","mobile":{"top":375,"left":0,"width":382,"height":384},"desktop":{"top":80,"left":103,"width":503,"height":501},"settings":{"alt":"a person painting a wall with a paint roller","path":"photo-1679018179962-06922435f6bc?crop=entropy&cs=tinysrgb&fit=max&fm=jpg&ixid=MnwzOTE5Mjl8MHwxfHJhbmRvbXx8fHx8fHx8fDE2ODE4NTI1NTI&ixlib=rb-4.0.3&q=80&w=1080","origin":"unsplash","styles":{"align":"center","justify":"center","border-radius":"50%","m-element-margin":"0 0 16px 0"},"clickAction":"none"},"animation":{"name":"scale","type":"global"},"fullResolutionWidth":1080,"fullResolutionHeight":1620},"section2-image-1":{"rel":"nofollow","type":"GridImage","mobile":{"top":351,"left":0,"width":382,"height":384},"desktop":{"top":83,"left":618,"width":503,"height":501},"settings":{"alt":"a woman in a trench coat is riding a scooter","path":"photo-1680252112129-91e7840cba38?crop=entropy&cs=tinysrgb&fit=max&fm=jpg&ixid=MnwzOTE5Mjl8MHwxfHJhbmRvbXx8fHx8fHx8fDE2ODE4NTI1NTI&ixlib=rb-4.0.3&q=80&w=1080","origin":"unsplash","styles":{"align":"center","justify":"center","border-radius":"50%","m-element-margin":"0 0 16px 0"},"clickAction":"none"},"animation":{"name":"scale","type":"global"},"initialElementId":"section1-image-1","fullResolutionWidth":1080,"fullResolutionHeight":1350},"section3-image-1":{"rel":"nofollow","type":"GridImage","mobile":{"top":336,"left":0,"width":382,"height":384},"desktop":{"top":80,"left":103,"width":503,"height":501},"settings":{"alt":"a bride and groom standing in front of a mountain","path":"photo-1680568383146-233b7e41f5af?crop=entropy&cs=tinysrgb&fit=max&fm=jpg&ixid=MnwzOTE5Mjl8MHwxfHJhbmRvbXx8fHx8fHx8fDE2ODE4NTI1NTI&ixlib=rb-4.0.3&q=80&w=1080","origin":"unsplash","styles":{"align":"center","justify":"center","border-radius":"50%","m-element-margin":"0 0 16px 0"},"clickAction":"none"},"animation":{"name":"scale","type":"global"},"initialElementId":"section1-image-1","fullResolutionWidth":1080,"fullResolutionHeight":1512},"about-description":{"type":"GridTextBox","mobile":{"top":126,"left":0,"width":382,"height":74},"content":"<p style=\"color: rgb(18, 19, 21)\" class=\"body\"><span style=\"color: rgb(0, 0, 0); text-transform: none; letter-spacing: normal; font-family: Roboto, RobotoDraft, Helvetica, Arial, sans-serif; font-weight: 400\">В Testro, наша місія — оптимізувати процес тестування та зробити його доступнішим як для студентів, так і для викладачів.</span></p>","desktop":{"top":104,"left":206,"width":812,"height":54},"settings":{"styles":{"text":"center","align":"flex-start","justify":"flex-start","m-element-margin":"0 0 16px 0"}},"animation":{"name":"scale","type":"global"},"shouldUpdateElementPosition":true},"section1-description":{"type":"GridTextBox","mobile":{"top":247,"left":0,"width":382,"height":72},"content":"<p style=\"color: rgb(18, 19, 21)\" class=\"body\">Наша платформа автоматизує процес тестування, заощаджуючи час і зусилля вчителів під час оцінювання тестів учнів.</p>","desktop":{"top":359,"left":721,"width":400,"height":81},"settings":{"styles":{"text":"left","align":"flex-start","justify":"flex-start","m-element-margin":"0 0 16px 0"}},"animation":{"name":"scale","type":"global"},"shouldUpdateElementPosition":true},"section2-description":{"type":"GridTextBox","mobile":{"top":247,"left":0,"width":382,"height":96},"content":"<p style=\"color: rgb(18, 19, 21)\" class=\"body\"><span style=\"color: rgb(0, 0, 0); text-transform: none; letter-spacing: normal; font-family: Nunito; font-weight: 400\">Наша платформа дозволяє вчителям легко створювати та керувати тестами, включаючи запитання та властивості тесту, як-от часові обмеження.</span></p>","desktop":{"top":360,"left":103,"width":400,"height":108},"settings":{"styles":{"text":"left","align":"flex-start","justify":"flex-start","m-element-margin":"0 0 16px 0"}},"animation":{"name":"scale","type":"global"},"initialElementId":"section1-description","shouldUpdateElementPosition":true},"section3-description":{"type":"GridTextBox","mobile":{"top":208,"left":0,"width":382,"height":72},"content":"<p style=\"color: rgb(18, 19, 21)\" class=\"body\"><span style=\"color: rgb(0, 0, 0); text-transform: none; letter-spacing: normal; font-family: Nunito; font-weight: 400\">Наш мобільний додаток дозволяє учням складати тести на своїх телефонах, що робить тестування більш доступним і зручним.</span></p>","desktop":{"top":319,"left":721,"width":400,"height":81},"settings":{"styles":{"text":"left","align":"flex-start","justify":"flex-start","m-element-margin":"0 0 16px 0"}},"animation":{"name":"scale","type":"global"},"initialElementId":"section1-description","shouldUpdateElementPosition":true}},"flagPath":"ua.svg","metaTitle":"Testro","homePageId":"home","isNavHidden":false,"cookieBannerAcceptText":"прийняти","cookieBannerDisclaimer":"Цей сайт використовує файли cookie, щоб забезпечити необхідні функції сайту та покращити ваш досвід. Використовуючи цей сайт, ви погоджуєтеся з нашим використанням файлів cookie.","cookieBannerDeclineText":"відхилити"},"system":{"nav":[{"isHidden":false,"linkType":"Page","subItems":[],"navItemId":"home","linkedPageId":"home"},{"isHidden":false,"linkType":"Page","subItems":[],"navItemId":"zJFPDz","linkedPageId":"zQYwK-"}],"pages":{"home":{"meta":{"title":"Automated Testing with Mobile Application for Teachers","keywords":["automated testing","mobile application","teachers"],"description":"Our website supports automated testing for students through a mobile application. Teachers can create and fill tests, questions, and set test properties such as time. Try our platform now!"},"name":"Home","slug":"zUzUDL","type":"default","blocks":["hero","section1","section2","section3","about","slogan","contact"]},"zQYwK-":{"meta":{"noindex":false,"password":"","ogImageAlt":"","ogImagePath":null,"ogImageOrigin":null,"passwordDesign":"default","passwordBackText":"Вернуться к","passwordButtonText":"Войти","passwordHeadingText":"Гостевая зона доступа","passwordSubheadingText":"Пожалуйста, введите пароль для доступа к странице","passwordPlaceholderText":"Введите пароль"},"name":"Log In","slug":"log-in","type":"default","blocks":[]}},"blocks":{"hero":{"type":"BlockLayout","mobile":{"minHeight":872},"desktop":{"minHeight":746},"settings":{"styles":{"block-padding":"16px 0 16px 0","m-block-padding":"16px"}},"zindexes":["zF6M6W","hero-title","hero-subtitle","hero-image-1","zZ2Pjh"],"background":{"path":null,"color":"#FFFFFF","image":null,"origin":null,"current":"color"},"components":["hero-title","hero-subtitle","hero-image-1","zF6M6W","zZ2Pjh"]},"about":{"type":"BlockLayout","mobile":{"minHeight":377},"desktop":{"minHeight":370},"settings":{"styles":{"block-padding":"16px 0 16px 0","m-block-padding":"16px"}},"zindexes":["about-title","about-description"],"background":{"path":null,"color":"#FFFFFF","image":null,"origin":null,"current":"color"},"components":["about-title","about-description"]},"header":{"type":"BlockNavigation","mobile":{"logoHeight":16.576171875},"desktop":{"logoHeight":16.576171875},"settings":{"styles":{"width":"1240px","padding":"32px 16px 32px 16px","m-padding":"24px 16px 24px 16px","logo-width":"65.046875px","cartIconSize":"24px","m-logo-width":"65.046875px","oldContentWidth":"1600px","menu-item-spacing":"40px","space-between-menu":"64px","m-menu-item-spacing":"20px","contrastBackgroundColor":"rgb(220, 220, 220)"},"cartText":"","isSticky":false,"showLogo":true,"isCartVisible":true,"logoImagePath":"ai-logo-AR0eEnxX7xFwnyj0.svg","logoPlacement":"left","logoImageOrigin":"assets","m-logoPlacement":"left","navigationPlacement":"right","m-navigationPlacement":"right"},"background":{"color":"#FFFFFF","current":"color","isTransparent":false},"components":[],"fontFamily":null,"fontWeight":null,"logoAspectRatio":3.347826086956522,"navLinkTextColor":"rgb(26, 26, 26)","navLinkTextColorHover":"rgb(26, 26, 26)"},"slogan":{"type":"BlockLayout","mobile":{"minHeight":384},"desktop":{"minHeight":296},"settings":{"styles":{"block-padding":"16px 0 16px 0","m-block-padding":"16px"}},"zindexes":["slogan-title"],"background":{"path":null,"color":"#3D6399","image":null,"origin":null,"current":"color"},"components":["slogan-title"]},"z1ORrW":{"slot":"footer","type":"BlockLayout","mobile":{"minHeight":250},"desktop":{"minHeight":184},"settings":{"styles":{"cols":"12","rows":6,"width":"1224px","m-rows":"1","col-gap":"24px","row-gap":"16px","row-size":"48px","column-gap":"24px","block-padding":"16px 0 16px 0","m-block-padding":"40px 16px 40px 16px"}},"zindexes":["zFVG1y","footer-brand-name"],"background":{"path":null,"color":"#E9ECF3","image":null,"origin":null,"current":"color"},"components":["zFVG1y","footer-brand-name"],"initialBlockId":"0NHSEQ084"},"contact":{"type":"BlockLayout","mobile":{"minHeight":667},"desktop":{"minHeight":788},"settings":{"styles":{"block-padding":"16px 0 16px 0","m-block-padding":"16px"}},"zindexes":["contact-title","zzH1JW"],"background":{"color":"rgb(255, 255, 255)","current":"color"},"components":["contact-title","zzH1JW"]},"section1":{"type":"BlockLayout","mobile":{"minHeight":833},"desktop":{"minHeight":660},"settings":{"styles":{"block-padding":"16px 0 16px 0","m-block-padding":"16px"}},"zindexes":["section1-image-1","zcopHD","section1-title","section1-description"],"background":{"path":null,"color":"#E9ECF3","image":null,"origin":null,"current":"color"},"components":["zcopHD","section1-title","section1-description","section1-image-1"]},"section2":{"type":"BlockLayout","mobile":{"minHeight":824},"desktop":{"minHeight":660},"settings":{"styles":{"block-padding":"16px 0 16px 0","m-block-padding":"16px"}},"zindexes":["section2-image-1","zjW_qv","section2-title","section2-description"],"background":{"path":null,"color":"#FFFFFF","image":null,"origin":null,"current":"color"},"components":["zjW_qv","section2-title","section2-description","section2-image-1"],"initialBlockId":"section1"},"section3":{"type":"BlockLayout","mobile":{"minHeight":819},"desktop":{"minHeight":660},"settings":{"styles":{"block-padding":"16px 0 16px 0","m-block-padding":"16px"}},"zindexes":["section3-image-1","z-9b5u","section3-title","section3-description"],"background":{"path":null,"color":"#E9ECF3","image":null,"origin":null,"current":"color"},"components":["z-9b5u","section3-title","section3-description","section3-image-1"],"initialBlockId":"section1"}},"elements":{"z-9b5u":{"type":"GridTextBox","mobile":{"top":80,"left":0,"width":382,"height":17},"content":"<h6 style=\"color: var(--color-brand)\">And let's not forget</h6>","desktop":{"top":200,"left":721,"width":297,"height":17},"settings":{"styles":{"text":"left","align":"flex-start","justify":"flex-start","m-element-margin":"0 0 16px 0"}},"animation":{"name":"scale","type":"global"},"initialElementId":"zcopHD"},"zF6M6W":{"svg":"<svg width=\"90\" height=\"90\" viewBox=\"0 0 90 90\" xmlns=\"http://www.w3.org/2000/svg\" preserveAspectRatio=\"none\">\n\t<circle cx=\"45\" cy=\"45\" r=\"45\" stroke=\"none\" preserveAspectRatio=\"none\"></circle>\n</svg>","type":"GridShape","color":"#3D6399","shape":"ellipse","mobile":{"top":469,"left":191,"width":191,"height":191},"desktop":{"top":40,"left":612,"width":200,"height":200},"settings":{"styles":{}},"animation":{"name":"scale","type":"global"}},"zFVG1y":{"type":"GridSocialIcons","links":[{"svg":"<svg width=\"24\" height=\"24\" viewBox=\"0 0 24 24\" fill=\"none\" xmlns=\"http://www.w3.org/2000/svg\"><path d=\"M24 12.0726C24 5.44354 18.629 0.0725708 12 0.0725708C5.37097 0.0725708 0 5.44354 0 12.0726C0 18.0619 4.38823 23.0264 10.125 23.9274V15.5414H7.07661V12.0726H10.125V9.4287C10.125 6.42144 11.9153 4.76031 14.6574 4.76031C15.9706 4.76031 17.3439 4.99451 17.3439 4.99451V7.94612H15.8303C14.34 7.94612 13.875 8.87128 13.875 9.82015V12.0726H17.2031L16.6708 15.5414H13.875V23.9274C19.6118 23.0264 24 18.0619 24 12.0726Z\" fill=\"currentColor\"/></svg>","icon":"facebook","link":"https://www.facebook.com/"},{"svg":"<svg width=\"24\" height=\"24\" viewBox=\"0 0 24 24\" fill=\"none\" xmlns=\"http://www.w3.org/2000/svg\"><path d=\"M12.0027 5.84808C8.59743 5.84808 5.85075 8.59477 5.85075 12C5.85075 15.4053 8.59743 18.1519 12.0027 18.1519C15.4079 18.1519 18.1546 15.4053 18.1546 12C18.1546 8.59477 15.4079 5.84808 12.0027 5.84808ZM12.0027 15.9996C9.80212 15.9996 8.00312 14.2059 8.00312 12C8.00312 9.7941 9.79677 8.00046 12.0027 8.00046C14.2086 8.00046 16.0022 9.7941 16.0022 12C16.0022 14.2059 14.2032 15.9996 12.0027 15.9996ZM19.8412 5.59644C19.8412 6.39421 19.1987 7.03135 18.4062 7.03135C17.6085 7.03135 16.9713 6.38885 16.9713 5.59644C16.9713 4.80402 17.6138 4.16153 18.4062 4.16153C19.1987 4.16153 19.8412 4.80402 19.8412 5.59644ZM23.9157 7.05277C23.8247 5.13063 23.3856 3.42801 21.9775 2.02522C20.5747 0.622429 18.8721 0.183388 16.9499 0.0870135C14.9689 -0.0254238 9.03112 -0.0254238 7.05008 0.0870135C5.1333 0.178034 3.43068 0.617075 2.02253 2.01986C0.614389 3.42265 0.180703 5.12527 0.0843279 7.04742C-0.0281093 9.02845 -0.0281093 14.9662 0.0843279 16.9472C0.175349 18.8694 0.614389 20.572 2.02253 21.9748C3.43068 23.3776 5.12794 23.8166 7.05008 23.913C9.03112 24.0254 14.9689 24.0254 16.9499 23.913C18.8721 23.822 20.5747 23.3829 21.9775 21.9748C23.3803 20.572 23.8193 18.8694 23.9157 16.9472C24.0281 14.9662 24.0281 9.03381 23.9157 7.05277ZM21.3564 19.0728C20.9388 20.1223 20.1303 20.9307 19.0755 21.3537C17.496 21.9802 13.7481 21.8356 12.0027 21.8356C10.2572 21.8356 6.50396 21.9748 4.92984 21.3537C3.88042 20.9361 3.07195 20.1276 2.64897 19.0728C2.02253 17.4934 2.16709 13.7455 2.16709 12C2.16709 10.2546 2.02789 6.50129 2.64897 4.92717C3.06659 3.87776 3.87507 3.06928 4.92984 2.6463C6.50931 2.01986 10.2572 2.16443 12.0027 2.16443C13.7481 2.16443 17.5014 2.02522 19.0755 2.6463C20.1249 3.06392 20.9334 3.8724 21.3564 4.92717C21.9828 6.50665 21.8383 10.2546 21.8383 12C21.8383 13.7455 21.9828 17.4987 21.3564 19.0728Z\" fill=\"currentColor\"/></svg>","icon":"instagram","link":"https://www.instagram.com/"},{"svg":"<svg width=\"24\" height=\"24\" viewBox=\"0 0 24 24\" fill=\"none\" xmlns=\"http://www.w3.org/2000/svg\"><path d=\"M21.5331 7.11165C21.5483 7.32484 21.5483 7.53807 21.5483 7.75126C21.5483 14.2538 16.5991 21.7462 7.55333 21.7462C4.7665 21.7462 2.17768 20.9391 0 19.5381C0.395955 19.5838 0.776628 19.599 1.18782 19.599C3.48728 19.599 5.60407 18.8224 7.29444 17.4975C5.13199 17.4518 3.31979 16.0356 2.69542 14.0863C3.00001 14.132 3.30456 14.1624 3.62439 14.1624C4.066 14.1624 4.50766 14.1015 4.9188 13.9949C2.66499 13.538 0.974582 11.5584 0.974582 9.1675V9.10661C1.62938 9.47209 2.39087 9.70052 3.19792 9.73094C1.87304 8.84767 1.00505 7.34007 1.00505 5.63447C1.00505 4.72078 1.24866 3.88321 1.67508 3.15224C4.09642 6.13702 7.73605 8.08623 11.8172 8.29946C11.7411 7.93398 11.6954 7.55331 11.6954 7.17259C11.6954 4.46189 13.8883 2.25378 16.6142 2.25378C18.0304 2.25378 19.3096 2.84769 20.2081 3.80709C21.3198 3.5939 22.3858 3.18271 23.33 2.61927C22.9644 3.76143 22.1878 4.72082 21.1675 5.32992C22.1574 5.22337 23.1168 4.9492 24 4.56853C23.3301 5.54311 22.4924 6.4111 21.5331 7.11165Z\" fill=\"currentColor\"/></svg>","icon":"twitter","link":"https://twitter.com/"}],"mobile":{"top":144,"left":0,"width":138,"height":24},"desktop":{"top":80,"left":1078,"width":146,"height":24},"settings":{"styles":{"align":"","justify":"center","icon-size":"24px","icon-color":"#121315","icon-spacing":"space-between","icon-direction":"row","icon-color-hover":"rgb(58, 58, 58)","m-element-margin":"0 0 16px 0","space-between-icons":"20px"},"useBrandColors":false},"animation":{"name":"scale","type":"global"},"initialElementId":"zcLY07"},"zZ2Pjh":{"svg":"<svg width=\"90\" height=\"90\" viewBox=\"0 0 90 90\" xmlns=\"http://www.w3.org/2000/svg\" preserveAspectRatio=\"none\">\n\t<circle cx=\"45\" cy=\"45\" r=\"45\" stroke=\"none\" preserveAspectRatio=\"none\"></circle>\n</svg>","type":"GridShape","color":"#3D6399","shape":"ellipse","mobile":{"top":620,"left":0,"width":83,"height":83},"desktop":{"top":528,"left":494,"width":112,"height":112},"settings":{"styles":{}},"animation":{"name":"scale","type":"global"}},"zbYm7v":{"type":"GridTextBox","mobile":{"top":80,"left":0,"width":382,"height":17},"content":"<h6 style=\"color: #121315\">And let's not forget</h6>","desktop":{"top":160,"left":103,"width":400,"height":17},"settings":{"styles":{"text":"left","align":"flex-start","justify":"flex-start","m-element-margin":"0 0 16px 0"}},"animation":{"name":"scale","type":"global"},"initialElementId":"zcopHD"},"zcopHD":{"type":"GridTextBox","mobile":{"top":80,"left":0,"width":382,"height":17},"content":"<h6 style=\"color: var(--color-brand)\">First of all</h6>","desktop":{"top":200,"left":721,"width":297,"height":17},"settings":{"styles":{"text":"left","align":"flex-start","justify":"flex-start","m-element-margin":"0 0 16px 0"}},"animation":{"name":"scale","type":"global"}},"ze-DPq":{"type":"GridTextBox","mobile":{"top":80,"left":0,"width":185,"height":24},"content":"<p style=\"color: rgb(37, 43, 51)\" class=\"body\">©2023</p>","desktop":{"top":80,"left":0,"width":194,"height":27},"settings":{"styles":{"text":"left","align":"flex-start","justify":"flex-start","m-element-margin":"0 0 16px 0"}},"animation":{"name":"slide","type":"global"}},"zjW_qv":{"type":"GridTextBox","mobile":{"top":80,"left":0,"width":382,"height":17},"content":"<h6 style=\"color: var(--color-brand)\">Not to mention</h6>","desktop":{"top":200,"left":103,"width":297,"height":17},"settings":{"styles":{"text":"left","align":"flex-start","justify":"flex-start","m-element-margin":"0 0 16px 0"}},"animation":{"name":"scale","type":"global"},"initialElementId":"zcopHD"},"zjrWQ7":{"svg":"<svg preserveAspectRatio=\"none\" viewBox=\"0 0 80 80\"  fill=\"none\" xmlns=\"http://www.w3.org/2000/svg\"><path d=\"M0 0H80V80H0V0Z\" /></svg>","type":"GridShape","color":"#3D6399","shape":"rectangle","mobile":{"top":40,"left":20,"width":343,"height":344},"desktop":{"top":80,"left":618,"width":606,"height":544},"settings":{"styles":{}},"animation":{"name":"scale","type":"global"}},"zw33vg":{"type":"GridTextBox","mobile":{"top":80,"left":0,"width":382,"height":17},"content":"<h6 style=\"color: #121315\">Not to mention</h6>","desktop":{"top":160,"left":721,"width":400,"height":17},"settings":{"styles":{"text":"left","align":"flex-start","justify":"flex-start","m-element-margin":"0 0 16px 0"}},"animation":{"name":"scale","type":"global"},"initialElementId":"zcopHD"},"zzH1JW":{"type":"GridForm","formId":"Contact form","mobile":{"top":120,"left":0,"width":382,"height":481},"desktop":{"top":200,"left":309,"width":606,"height":500,"inputTextSize":16,"labelTextSize":16,"submitButtonFontSize":18},"settings":{"theme":"light","schema":[{"id":"firstName","svg":"align-left-short","name":"Name","type":"GridInput","fieldType":"short-answer","inputLabel":"Name","validation":[["optional"]],"placeholder":"Your name","validation-messages":{"required":"This field is required"}},{"id":"lastName","svg":"align-left-short","name":"Last name","type":"GridInput","fieldType":"short-answer","inputLabel":"Last name","validation":[["optional"]],"placeholder":"Your last name","validation-messages":{"required":"This field is required"}},{"id":"email","svg":"align-left-short","name":"Short answer email","type":"GridInput","fieldType":"short-answer","inputLabel":"Your email","validation":[["bail"],["email"],["required"]],"placeholder":"Your email address","validation-messages":{"email":"Please enter a valid email address","required":"This field is required"}},{"id":"message","svg":"align-left","tag":"textarea","name":"Paragraph","type":"GridInput","inputLabel":"Message","validation":[["required"]],"placeholder":"Enter your message","validation-messages":{"required":"This field is required"}}],"styles":{"justify":"center","formSpacing":"22px 10px","m-element-margin":"0 0 16px 0"},"successMessage":"Thank You!"},"animation":{"name":"scale","type":"global"},"inputFillColor":"rgb(255, 255, 255)","inputTextColor":"rgb(26, 26, 26)","labelTextColor":"#121315","formBorderColor":"#1d1e20","innerBackground":{"color":"rgb(255, 255, 255)","image":"","current":""},"inputBorderColor":"#B8C0CC","inputBorderWidth":1,"submitButtonData":{"type":"GridButton","content":"Submit","settings":{"type":"primary","styles":{"align":"center","justify":"center","position":"8/8/9/10"},"isFormButton":true}},"inputBorderRadius":4,"inputFillColorHover":"rgb(255, 255, 255)","inputTextColorHover":"rgb(26, 26, 26)","inputBorderColorHover":"rgb(128, 138, 153)","submitButtonFontColor":"#FFFFFF","submitButtonFontFamily":"Inter","submitButtonFontWeight":700,"submitButtonBorderColor":"rgba(0, 0, 0, 0)","submitButtonBorderWidth":0,"submitButtonBorderRadius":4,"submitButtonFontColorHover":"#FFFFFF","submitButtonBackgroundColor":"#0B1524","submitButtonBorderColorHover":"rgba(0, 0, 0, 0)","submitButtonBorderWidthHover":0,"submitButtonBackgroundColorHover":"rgb(26, 26, 26)"},"hero-title":{"type":"GridTextBox","mobile":{"top":80,"left":0,"width":382,"height":91},"content":"<h1 style=\"color: #121315\">Transform Testing with Testro</h1>","desktop":{"top":184,"left":0,"width":503,"height":216},"settings":{"styles":{"text":"left","align":"flex-start","justify":"flex-start","m-element-margin":"0 0 16px 0"}},"animation":{"name":"scale","type":"global"},"shouldUpdateElementPosition":true},"about-title":{"type":"GridTextBox","mobile":{"top":64,"left":0,"width":382,"height":38},"content":"<h3 style=\"color: #121315\">Our Mission</h3>","desktop":{"top":104,"left":206,"width":812,"height":43},"settings":{"styles":{"text":"center","align":"flex-start","justify":"flex-start","m-element-margin":"0 0 16px 0"}},"animation":{"name":"scale","type":"global"},"shouldUpdateElementPosition":true},"hero-image-1":{"rel":"nofollow","type":"GridImage","mobile":{"top":260,"left":0,"width":382,"height":384},"desktop":{"top":64,"left":618,"width":606,"height":593},"settings":{"alt":"a man holding a basket filled with different types of vegetables","rel":"","href":"","path":"photo-1680472584318-157d4b7fbd12?crop=entropy&cs=tinysrgb&fit=max&fm=jpg&ixid=MnwzOTE5Mjl8MHwxfHJhbmRvbXx8fHx8fHx8fDE2ODE4NTI1NTI&ixlib=rb-4.0.3&q=80&w=1080","origin":"unsplash","styles":{"align":"center","justify":"center","border-radius":"50%","m-element-margin":"0 0 16px 0"},"target":"_self","clickAction":"none"},"animation":{"name":"scale","type":"global"},"fullResolutionWidth":1080,"fullResolutionHeight":1350},"slogan-title":{"type":"GridTextBox","mobile":{"top":64,"left":0,"width":382,"height":77},"content":"<h3 style=\"color: #FFFFFF\">Testro: Simplify Your Testing</h3>","desktop":{"top":80,"left":103,"width":1018,"height":43},"settings":{"styles":{"text":"center","align":"flex-start","justify":"flex-start","m-element-margin":"0 0 16px 0"}},"animation":{"name":"scale","type":"global"},"shouldUpdateElementPosition":true},"contact-title":{"type":"GridTextBox","mobile":{"top":40,"left":0,"width":382,"height":41},"content":"<h2 style=\"color: #121315\">Get In Touch</h2>","desktop":{"top":82,"left":309,"width":606,"height":58},"settings":{"styles":{"text":"center","align":"flex-start","justify":"flex-start","m-element-margin":"0 0 16px 0"}},"animation":{"name":"scale","type":"global"},"shouldUpdateElementPosition":true},"hero-subtitle":{"type":"GridTextBox","mobile":{"top":193,"left":0,"width":382,"height":27},"content":"<p style=\"color: #121315\" class=\"body-large\">Automate and streamline your testing process</p>","desktop":{"top":440,"left":0,"width":400,"height":60},"settings":{"styles":{"text":"left","align":"flex-start","justify":"flex-start","m-element-margin":"0 0 16px 0"}},"animation":{"name":"scale","type":"global"},"shouldUpdateElementPosition":true},"section1-title":{"type":"GridTextBox","mobile":{"top":120,"left":0,"width":382,"height":38},"content":"<h3 style=\"color: #121315\">Automated Testing</h3>","desktop":{"top":240,"left":721,"width":400,"height":43},"settings":{"styles":{"text":"left","align":"flex-start","justify":"flex-start","m-element-margin":"0 0 16px 0"}},"animation":{"name":"scale","type":"global"},"shouldUpdateElementPosition":true},"section2-title":{"type":"GridTextBox","mobile":{"top":120,"left":0,"width":382,"height":38},"content":"<h3 style=\"color: #121315\">Easy Test Creation</h3>","desktop":{"top":240,"left":103,"width":400,"height":43},"settings":{"styles":{"text":"left","align":"flex-start","justify":"flex-start","m-element-margin":"0 0 16px 0"}},"animation":{"name":"scale","type":"global"},"initialElementId":"section1-title","shouldUpdateElementPosition":true},"section3-title":{"type":"GridTextBox","mobile":{"top":120,"left":0,"width":382,"height":38},"content":"<h3 style=\"color: #121315\">Mobile Testing</h3>","desktop":{"top":240,"left":721,"width":400,"height":43},"settings":{"styles":{"text":"left","align":"flex-start","justify":"flex-start","m-element-margin":"0 0 16px 0"}},"animation":{"name":"scale","type":"global"},"initialElementId":"section1-title","shouldUpdateElementPosition":true},"section1-image-1":{"rel":"nofollow","type":"GridImage","mobile":{"top":312,"left":0,"width":382,"height":384},"desktop":{"top":80,"left":103,"width":503,"height":501},"settings":{"alt":"a person painting a wall with a paint roller","path":"photo-1679018179962-06922435f6bc?crop=entropy&cs=tinysrgb&fit=max&fm=jpg&ixid=MnwzOTE5Mjl8MHwxfHJhbmRvbXx8fHx8fHx8fDE2ODE4NTI1NTI&ixlib=rb-4.0.3&q=80&w=1080","origin":"unsplash","styles":{"align":"center","justify":"center","border-radius":"50%","m-element-margin":"0 0 16px 0"},"clickAction":"none"},"animation":{"name":"scale","type":"global"},"fullResolutionWidth":1080,"fullResolutionHeight":1620},"section2-image-1":{"rel":"nofollow","type":"GridImage","mobile":{"top":336,"left":0,"width":382,"height":384},"desktop":{"top":83,"left":618,"width":503,"height":501},"settings":{"alt":"a woman in a trench coat is riding a scooter","path":"photo-1680252112129-91e7840cba38?crop=entropy&cs=tinysrgb&fit=max&fm=jpg&ixid=MnwzOTE5Mjl8MHwxfHJhbmRvbXx8fHx8fHx8fDE2ODE4NTI1NTI&ixlib=rb-4.0.3&q=80&w=1080","origin":"unsplash","styles":{"align":"center","justify":"center","border-radius":"50%","m-element-margin":"0 0 16px 0"},"clickAction":"none"},"animation":{"name":"scale","type":"global"},"initialElementId":"section1-image-1","fullResolutionWidth":1080,"fullResolutionHeight":1350},"section3-image-1":{"rel":"nofollow","type":"GridImage","mobile":{"top":336,"left":0,"width":382,"height":384},"desktop":{"top":80,"left":103,"width":503,"height":501},"settings":{"alt":"a bride and groom standing in front of a mountain","path":"photo-1680568383146-233b7e41f5af?crop=entropy&cs=tinysrgb&fit=max&fm=jpg&ixid=MnwzOTE5Mjl8MHwxfHJhbmRvbXx8fHx8fHx8fDE2ODE4NTI1NTI&ixlib=rb-4.0.3&q=80&w=1080","origin":"unsplash","styles":{"align":"center","justify":"center","border-radius":"50%","m-element-margin":"0 0 16px 0"},"clickAction":"none"},"animation":{"name":"scale","type":"global"},"initialElementId":"section1-image-1","fullResolutionWidth":1080,"fullResolutionHeight":1512},"about-description":{"type":"GridTextBox","mobile":{"top":144,"left":0,"width":382,"height":72},"content":"<p style=\"color: #121315\" class=\"body\">At Testro, our mission is to streamline the testing process and make it more accessible for students and teachers alike.</p>","desktop":{"top":184,"left":206,"width":812,"height":54},"settings":{"styles":{"text":"center","align":"flex-start","justify":"flex-start","m-element-margin":"0 0 16px 0"}},"animation":{"name":"scale","type":"global"},"shouldUpdateElementPosition":true},"footer-brand-name":{"type":"GridTextBox","mobile":{"top":80,"left":0,"width":185,"height":29},"content":"<h4 style=\"color: #121315\">Testro</h4>","desktop":{"top":73,"left":0,"width":194,"height":38},"settings":{"styles":{"text":"left","align":"flex-start","justify":"flex-start","m-element-margin":"0 0 16px 0"}},"animation":{"name":"scale","type":"global"},"shouldUpdateElementPosition":true},"section1-description":{"type":"GridTextBox","mobile":{"top":208,"left":0,"width":382,"height":48},"content":"<p style=\"color: #121315\" class=\"body\">Our platform automates the testing process, saving teachers time and effort when grading student tests.</p>","desktop":{"top":356,"left":721,"width":400,"height":81},"settings":{"styles":{"text":"left","align":"flex-start","justify":"flex-start","m-element-margin":"0 0 16px 0"}},"animation":{"name":"scale","type":"global"},"shouldUpdateElementPosition":true},"section2-description":{"type":"GridTextBox","mobile":{"top":208,"left":0,"width":382,"height":72},"content":"<p style=\"color: #121315\" class=\"body\">Our platform allows teachers to easily create and manage tests, including questions and test properties like time limits.</p>","desktop":{"top":356,"left":103,"width":400,"height":81},"settings":{"styles":{"text":"left","align":"flex-start","justify":"flex-start","m-element-margin":"0 0 16px 0"}},"animation":{"name":"scale","type":"global"},"initialElementId":"section1-description","shouldUpdateElementPosition":true},"section3-description":{"type":"GridTextBox","mobile":{"top":208,"left":0,"width":382,"height":72},"content":"<p style=\"color: #121315\" class=\"body\">Our mobile app enables students to take tests on their phones, making testing more accessible and convenient.</p>","desktop":{"top":356,"left":721,"width":400,"height":81},"settings":{"styles":{"text":"left","align":"flex-start","justify":"flex-start","m-element-margin":"0 0 16px 0"}},"animation":{"name":"scale","type":"global"},"initialElementId":"section1-description","shouldUpdateElementPosition":true}},"homePageId":"home","isNavHidden":false}},"blogCategories":{},"builderCompletedSteps":{"hasChangedLogo":true,"textBoxChangeCount":17,"homePageTextBoxChangeCount":17,"isDomainPropagatedEventSent":true}}